"protein","n","sensitivity_sd","sensitivity_mean"
"pCD79a (Y182)",3,0.545577596247616,2.73408796117269
"pSYK (Y525/Y526)",3,1.09458374611713,4.84014922201117
"pPLCy2 (Y759)",2,0.125555692675487,3.54573910358978
